{
  "project_info": {
    "project_number": "151969656083",
    "firebase_url": "https://itechapp-a173a.firebaseio.com",
    "project_id": "itechapp-a173a",
    "storage_bucket": "itechapp-a173a.appspot.com"
  },
  "client": [
    {
      "client_info": {
        "mobilesdk_app_id": "1:151969656083:android:452ff140ab7a975e",
        "android_client_info": {
          "package_name": "com.example.vrutik.myapplication"
        }
      },
      "oauth_client": [
        {
          "client_id": "151969656083-mqq2757uota7lc9dlg94ljeca99quusq.apps.googleusercontent.com",
          "client_type": 1,
          "android_info": {
            "package_name": "com.example.vrutik.myapplication",
            "certificate_hash": "ed6cd00686c8c0aee0fda68d68f8f387572c0afa"
          }
        },
        {
          "client_id": "151969656083-qgnhrgd7vchf1ntithq2oltg9laedse4.apps.googleusercontent.com",
          "client_type": 3
        }
      ],
      "api_key": [
        {
          "current_key": "AIzaSyC7_rVLWFwQ0ArUua0BG7Qkp_SEHEn6J5U"
        }
      ],
      "services": {
        "analytics_service": {
          "status": 1
        },
        "appinvite_service": {
          "status": 2,
          "other_platform_oauth_client": [
            {
              "client_id": "151969656083-qgnhrgd7vchf1ntithq2oltg9laedse4.apps.googleusercontent.com",
              "client_type": 3
            }
          ]
        },
        "ads_service": {
          "status": 2
        }
      }
    }
  ],
  "configuration_version": "1"
}